-- phpMyAdmin SQL Dump
-- version 5.2.0
-- https://www.phpmyadmin.net/
--
-- Host: 127.0.0.1
-- Generation Time: Mar 24, 2023 at 05:28 AM
-- Server version: 10.4.27-MariaDB
-- PHP Version: 8.2.0

SET SQL_MODE = "NO_AUTO_VALUE_ON_ZERO";
START TRANSACTION;
SET time_zone = "+00:00";


/*!40101 SET @OLD_CHARACTER_SET_CLIENT=@@CHARACTER_SET_CLIENT */;
/*!40101 SET @OLD_CHARACTER_SET_RESULTS=@@CHARACTER_SET_RESULTS */;
/*!40101 SET @OLD_COLLATION_CONNECTION=@@COLLATION_CONNECTION */;
/*!40101 SET NAMES utf8mb4 */;

--
-- Database: `masonsroom`
--

-- --------------------------------------------------------

--
-- Table structure for table `admins`
--

CREATE TABLE `admins` (
  `user_id` int(11) NOT NULL,
  `admin_pass` varchar(50) DEFAULT NULL
) ENGINE=InnoDB DEFAULT CHARSET=utf8mb4 COLLATE=utf8mb4_general_ci;

--
-- Dumping data for table `admins`
--

INSERT INTO `admins` (`user_id`, `admin_pass`) VALUES
(1, 'masonthegoat!'),
(4, 'liamthegoat!'),
(7, '000812'),
(8, 'jordothegoat!'),
(7, '000812'),
(8, 'jordothegoat!');

-- --------------------------------------------------------

--
-- Table structure for table `banned`
--

CREATE TABLE `banned` (
  `ban_id` int(11) NOT NULL,
  `reason` text DEFAULT NULL,
  `user_id` int(11) DEFAULT NULL,
  `admin_id` int(11) DEFAULT NULL
) ENGINE=InnoDB DEFAULT CHARSET=utf8mb4 COLLATE=utf8mb4_general_ci;

-- --------------------------------------------------------

--
-- Table structure for table `posts`
--

CREATE TABLE `posts` (
  `post_id` int(11) NOT NULL,
  `topic_id` int(11) NOT NULL,
  `user_id` int(11) NOT NULL,
  `content` text NOT NULL,
  `created_at` timestamp NOT NULL DEFAULT current_timestamp(),
  `pinned` tinyint(1) NOT NULL DEFAULT 0,
  `score` double DEFAULT 0,
  `post_title` tinytext DEFAULT NULL,
  `deleted` tinyint(1) NOT NULL DEFAULT 0,
  `tag` varchar(20) DEFAULT '[Discussion]'
) ENGINE=InnoDB DEFAULT CHARSET=utf8mb4 COLLATE=utf8mb4_general_ci;

--
-- Dumping data for table `posts`
--

INSERT INTO `posts` (`post_id`, `topic_id`, `user_id`, `content`, `created_at`, `pinned`, `score`, `post_title`, `deleted`, `tag`) VALUES
(1, 11, 2, 'Hey everyone! So i visited the local aquarium the other day and during the live show I picked up one of those rain overcoats. They work surprisingly well to stop your clothes from getting covered in oil! Try this out for yourself and let me know what you think :p', '2023-03-02 05:44:43', 0, 0, 'How to change your oil without getting dirty!', 0, '[Discussion]'),
(2, 11, 1, '1. Don\'t be an idiot', '2023-03-02 22:03:51', 1, 0, 'READ BEFORE POSTING', 0, '[Admin]'),
(3, 12, 5, 'Gaza mi seh! Vybz Kartel fi president\n#FreeWorlBoss', '2023-03-23 07:04:32', 0, 1, 'Free Vybz Kartel', 0, '[Suggestion]'),
(4, 14, 6, 'hi hi', '2023-03-23 07:13:25', 0, -1, 'nice to see you here', 0, '[Discussion]'),
(5, 14, 6, '[DELETED]', '2023-03-23 07:17:52', 0, -2, '[DELETED]', 1, '[Discussion]'),
(6, 14, 6, '[DELETED]', '2023-03-23 07:18:02', 0, -2, '[DELETED]', 1, '[Discussion]'),
(7, 14, 6, '[DELETED]', '2023-03-23 07:18:08', 0, -2, '[DELETED]', 1, '[Discussion]'),
(8, 14, 6, '[DELETED]', '2023-03-23 07:18:13', 0, -2, '[DELETED]', 1, '[Discussion]'),
(9, 14, 6, '[DELETED]', '2023-03-23 07:18:18', 0, -2, '[DELETED]', 1, '[Discussion]'),
(10, 14, 6, '[DELETED]', '2023-03-23 07:18:25', 0, -2, '[DELETED]', 1, '[Discussion]'),
(11, 14, 6, '[DELETED]', '2023-03-23 07:18:51', 0, -2, '[DELETED]', 1, '[Discussion]'),
(12, 14, 6, '[DELETED]', '2023-03-23 07:19:02', 0, -2, '[DELETED]', 1, '[Discussion]'),
(13, 14, 1, '[DELETED]', '2023-03-23 07:26:51', 0, 0, '[DELETED]', 1, '[Admin]'),
(14, 3, 7, 'I just hate it.', '2023-03-23 07:39:36', 0, 1, 'Kelowna kinda suck!!!', 0, '[Discussion]'),
(15, 7, 9, 'meow    \n\n\n \n\n \n  \n\n\n\n \n                                 meow', '2023-03-23 18:19:59', 0, -2, 'meow', 0, '[Discussion]'),
(16, 14, 10, 'wd', '2023-03-23 19:08:39', 0, 1, 'da', 0, '[Discussion]'),
(17, 11, 1, 'hi', '2023-03-23 23:24:42', 0, 1, 'test', 0, '[Admin]'),
(18, 1, 12, 'i love tomatos', '2023-03-24 02:16:05', 0, -2, 'mmmmmm', 0, '[Suggestion]'),
(19, 1, 13, 'are vegetables even real, or do we only eat fruits?', '2023-03-24 04:12:26', 0, 0, 'What is a fruit?', 0, '[Discussion]'),
(20, 5, 13, 'Can\'t believe I am the first one to post in here. Big eyes... am I right?', '2023-03-24 04:13:42', 0, 0, 'I\'m the first!', 0, '[Discussion]'),
(21, 4, 13, 'There was weather, sports, and extra crap. ', '2023-03-24 04:14:49', 0, 0, 'Some News Today', 0, '[Discussion]');

-- --------------------------------------------------------

--
-- Table structure for table `rated`
--

CREATE TABLE `rated` (
  `post_id` int(11) NOT NULL,
  `user_id` int(11) NOT NULL,
  `rating` double NOT NULL
) ENGINE=InnoDB DEFAULT CHARSET=utf8mb4 COLLATE=utf8mb4_general_ci;

--
-- Dumping data for table `rated`
--

INSERT INTO `rated` (`post_id`, `user_id`, `rating`) VALUES
(3, 5, 1),
(4, 1, -1),
(4, 6, 1),
(4, 13, -1),
(5, 1, -1),
(5, 7, -1),
(6, 1, -1),
(6, 7, -1),
(7, 1, -1),
(7, 7, -1),
(8, 1, -1),
(8, 7, -1),
(9, 1, -1),
(9, 7, -1),
(10, 1, -1),
(10, 7, -1),
(11, 1, -1),
(11, 7, -1),
(12, 1, -1),
(12, 7, -1),
(14, 7, 1),
(15, 4, -1),
(15, 9, -1),
(16, 1, 1),
(17, 1, 1),
(18, 4, -1),
(18, 12, -1);

-- --------------------------------------------------------

--
-- Table structure for table `replies`
--

CREATE TABLE `replies` (
  `reply_id` int(11) NOT NULL,
  `post_id` int(11) NOT NULL,
  `user_id` int(11) NOT NULL,
  `content` text NOT NULL,
  `parent_id` int(11) DEFAULT NULL,
  `created_at` timestamp NOT NULL DEFAULT current_timestamp()
) ENGINE=InnoDB DEFAULT CHARSET=utf8mb4 COLLATE=utf8mb4_general_ci;

--
-- Dumping data for table `replies`
--

INSERT INTO `replies` (`reply_id`, `post_id`, `user_id`, `content`, `parent_id`, `created_at`) VALUES
(1, 1, 3, '[USER HAS BEEN BANNED]', NULL, '2023-03-22 20:01:15'),
(2, 1, 2, 'Wait... you have a wife?', 1, '2023-03-22 20:01:15'),
(3, 1, 1, 'Or just... dont get covered in oil?', NULL, '2023-03-22 20:01:15'),
(4, 1, 2, 'Okay wow, my first post on your website and you reply like that? Thanks.', 3, '2023-03-22 20:01:15'),
(5, 1, 1, 'lmao sucks', 4, '2023-03-22 20:01:15'),
(6, 3, 5, 'Gonna have to agree with you on that one, Boss. ', NULL, '2023-03-23 07:09:33'),
(7, 4, 6, 'cool', NULL, '2023-03-23 07:13:30'),
(8, 4, 6, 'cool', 7, '2023-03-23 07:13:34'),
(9, 4, 6, '[DELETED]', 8, '2023-03-23 07:13:43'),
(10, 4, 6, 'cool', 9, '2023-03-23 07:13:47'),
(11, 14, 1, 'If you like gentrification and old people its great!', NULL, '2023-03-23 08:21:18'),
(12, 14, 4, 'Not a big fan.', NULL, '2023-03-23 08:24:42'),
(13, 15, 11, '<b>WOOF WOOF WOOF WOO ROO ROO ROO BARK ABRK<b>', NULL, '2023-03-23 19:13:00'),
(14, 15, 9, 'If you\'re looking for substitutions, high proof bourbon works best. I\'d recommend Maker\'s Mark or Buffalo Trace. That being said, I don\'t think the reply in all caps (or the hostile tone) was necessary. This is a civil discussion on how to make a classic Bourbon Old Fashioned. This is the alcohol discussion board after all. I wouldn\'t expect a standard poodle(?) like yourself to be able to properly enjoy a drink like this. This is a drink that has been enjoyed by the best since 1806. Start by using one of the two bourbons I recommended, the rule being that if you wouldn’t sip it by itself it has no place at the helm of a Bourbon Old Fashioned. (There are other whiskey drinks for masking subpar booze—this isn’t one of them.) From there, the cocktail-minded seem to break into two camps: simple syrup or muddled sugar.\nWhile a barspoon of syrup can cut your prep time in half, it robs the drink of some of the weight and texture that provides its deep appeal. If you want to make the drink like they did back in the 19th century, granulated sugar or a sugar cube is the way to go. If you want to make the cocktail with more of a modern twist, opt for simple syrup. (Although what’s the big rush? The Bourbon Old Fashioned isn’t going anywhere.) Just know that simple syrup adds a bit more water to your drink, so you may need to adjust your ice and stirring accordingly. \n\n', 13, '2023-03-24 00:06:11');

-- --------------------------------------------------------

--
-- Table structure for table `reports`
--

CREATE TABLE `reports` (
  `report_id` int(11) NOT NULL,
  `post_id` int(11) DEFAULT NULL,
  `reply_id` int(11) DEFAULT NULL,
  `topic_id` int(11) DEFAULT NULL,
  `report` text NOT NULL,
  `hero_id` int(11) NOT NULL,
  `villain_id` int(11) NOT NULL,
  `focus` varchar(10) DEFAULT NULL,
  `resolved` int(11) DEFAULT 0,
  `created_at` timestamp NOT NULL DEFAULT current_timestamp()
) ENGINE=InnoDB DEFAULT CHARSET=utf8mb4 COLLATE=utf8mb4_general_ci;

--
-- Dumping data for table `reports`
--

INSERT INTO `reports` (`report_id`, `post_id`, `reply_id`, `topic_id`, `report`, `hero_id`, `villain_id`, `focus`, `resolved`, `created_at`) VALUES
(2, NULL, 10, NULL, 'just for test', 6, 6, 'reply', 1, '2023-03-23 07:13:58'),
(3, NULL, 12, NULL, 'stupid\n', 8, 4, 'reply', 0, '2023-03-23 19:31:14');

-- --------------------------------------------------------

--
-- Table structure for table `topics`
--

CREATE TABLE `topics` (
  `topic_id` int(11) NOT NULL,
  `topic_name` varchar(255) NOT NULL,
  `topic_img` varchar(40) NOT NULL,
  `topic_bio` text DEFAULT NULL
) ENGINE=InnoDB DEFAULT CHARSET=utf8mb4 COLLATE=utf8mb4_general_ci;

--
-- Dumping data for table `topics`
--

INSERT INTO `topics` (`topic_id`, `topic_name`, `topic_img`, `topic_bio`) VALUES
(1, 'fruit', 'img/topics/fruit.png', 'Anything and Everything Fruit and fruity!'),
(2, 'usa', 'img/topics/usa.png', '\'MERICA'),
(3, 'canada', 'img/topics/canada.png', 'The true north strong and free!'),
(4, 'news', 'img/topics/news.png', 'If you post here you probably read the newspaper.'),
(5, 'anime', 'img/topics/anime.png', 'こにちは！ All things Anime!'),
(6, 'movies', 'img/topics/movie.png', 'Luke, This is the movies board'),
(7, 'alcohol', 'img/topics/alcohol.png', 'The only hobby that is also a problem!'),
(8, 'business', 'img/topics/business.png', 'This board is for the people who make more than they deserve!'),
(9, 'software', 'img/topics/software.png', 'Hello World!'),
(10, 'wall Street', 'img/topics/wallStreet.png', '\'Nobody Knows If A Stock\'s Going Up, Down Or F***ing Sideways, Least Of All Stockbrokers. But We Have To Pretend We Know.\' -Wolf of Wall Street'),
(11, 'cars', 'img/topics/cars.png', 'New cars, Used cars, Car mods, Trucks, Offroading, if it involves an engine and four wheels it belongs here! (no PT Cruisers)'),
(12, 'music', 'img/topics/music.png', 'Strings, Reeds, Keys or keyboards, we dont care! Post it here!'),
(13, 'tv', 'img/topics/tv.png', '\'I am not in danger Skylar, I AM the danger! A guy opens his door and gets shot, and you think that of me? No, I AM the one who knocks.\'- Breaking Bad'),
(14, 'general', 'img/topics/general.png', 'This is for things that don\'t belong anywhere else, just like you :)'),
(15, 'DIY', 'img/topics/diy.png', 'Do it yourself! Will it be cheaper? Maybe! Will it be better? Absolutely not!');

-- --------------------------------------------------------

--
-- Table structure for table `users`
--

CREATE TABLE `users` (
  `user_id` int(11) NOT NULL,
  `username` varchar(255) NOT NULL,
  `PASSWORD` varchar(255) NOT NULL,
  `email` varchar(255) NOT NULL,
  `is_admin` tinyint(1) NOT NULL DEFAULT 0,
  `profile_pic` varchar(255) DEFAULT 'img/user/sword.png',
  `banned` tinyint(1) NOT NULL DEFAULT 0,
  `user_bio` VARCHAR(120) DEFAULT 'Please be nice, I\'m new.'
) ENGINE=InnoDB DEFAULT CHARSET=utf8mb4 COLLATE=utf8mb4_general_ci;

--
-- Dumping data for table `users`
--

INSERT INTO `users` (`user_id`, `username`, `PASSWORD`, `email`, `is_admin`, `profile_pic`, `banned`, `user_bio`) VALUES
(1, 'mason', 'caleb1234', 'admin@example.com', 1, 'img/user/admin.png', 0, 'Please be nice, I\'m new.'),
(2, 'Kirbyfan101', 'kirby123', 'kirby@fake.com', 0, 'img/user/sword.png', 0, 'Please be nice, I\'m new.'),
(3, 'RealAlien123', 'password', 'alien@spaceship.com', 0, 'img/user/banned.png', 1, '[USER IS BANNED]'),
(4, 'ItsMeLiam', 'Hi657777!', 'hi6577@gmail.com', 1, 'img/user/4.png', 0, 'Yuh'),
(5, 'ravioli', 'Ravioli2023@', 'ravioli@gmail.com', 0, 'img/user/sword.png', 0, 'Please be nice, I\'m new.'),
(6, 'hello', 'Pass1234!', 'hello@gmail.com', 0, 'img/user/sword.png', 0, 'test'),
(7, 'Stranley', 'C0ckluver69!', 'stranleyf@gmail.com', 1, 'img\\user\\vanguard.png', 0, 'Please be nice, I\'m new.'),
(8, 'Jordo', 'MrJmaeff19!', 'jordanjkroberts@gmail.com', 1, 'img/user/8.png', 0, 'yeah'),
(9, 'sabo_the_cat', 'Sabocat1!', 'killerak86@gmail.com', 0, 'img/user/9.png', 0, 'mow'),
(10, 'Kenneth', 'Password123!', 'kenneth@kenneth.com', 0, 'img\\user\\sword.png', 0, 'faefaefaefdfc'),
(11, 'sterling_the_dog', 'Sterling445!', 'sterling@gmail.com', 0, 'img/user/11.png', 0, 'Please be nice, I\'m new.'),
(12, 'imnearyou', 'Password1234$', 'stephendoesnotcare@gmail.com', 0, 'img\\user\\mage.png', 0, 'window'),
(13, 'ihatethis', 'Blahh33!', '123@hotmail.ca', 0, 'img\\user\\mage.png', 0, 'Please be nice, I\'m new.');

--
-- Indexes for dumped tables
--

--
-- Indexes for table `admins`
--
ALTER TABLE `admins`
  ADD KEY `user_id` (`user_id`);

--
-- Indexes for table `banned`
--
ALTER TABLE `banned`
  ADD PRIMARY KEY (`ban_id`),
  ADD KEY `user_id` (`user_id`),
  ADD KEY `admin_id` (`admin_id`);

--
-- Indexes for table `posts`
--
ALTER TABLE `posts`
  ADD PRIMARY KEY (`post_id`),
  ADD KEY `topic_id` (`topic_id`),
  ADD KEY `user_id` (`user_id`);

--
-- Indexes for table `rated`
--
ALTER TABLE `rated`
  ADD PRIMARY KEY (`post_id`,`user_id`),
  ADD KEY `user_id` (`user_id`);

--
-- Indexes for table `replies`
--
ALTER TABLE `replies`
  ADD PRIMARY KEY (`reply_id`),
  ADD KEY `post_id` (`post_id`),
  ADD KEY `user_id` (`user_id`),
  ADD KEY `parent_id` (`parent_id`);

--
-- Indexes for table `reports`
--
ALTER TABLE `reports`
  ADD PRIMARY KEY (`report_id`),
  ADD KEY `post_id` (`post_id`),
  ADD KEY `topic_id` (`topic_id`),
  ADD KEY `reply_id` (`reply_id`),
  ADD KEY `hero_id` (`hero_id`),
  ADD KEY `villain_id` (`villain_id`);

--
-- Indexes for table `topics`
--
ALTER TABLE `topics`
  ADD PRIMARY KEY (`topic_id`);

--
-- Indexes for table `users`
--
ALTER TABLE `users`
  ADD PRIMARY KEY (`user_id`);

--
-- AUTO_INCREMENT for dumped tables
--

--
-- AUTO_INCREMENT for table `banned`
--
ALTER TABLE `banned`
  MODIFY `ban_id` int(11) NOT NULL AUTO_INCREMENT;

--
-- AUTO_INCREMENT for table `posts`
--
ALTER TABLE `posts`
  MODIFY `post_id` int(11) NOT NULL AUTO_INCREMENT, AUTO_INCREMENT=22;

--
-- AUTO_INCREMENT for table `replies`
--
ALTER TABLE `replies`
  MODIFY `reply_id` int(11) NOT NULL AUTO_INCREMENT, AUTO_INCREMENT=15;

--
-- AUTO_INCREMENT for table `reports`
--
ALTER TABLE `reports`
  MODIFY `report_id` int(11) NOT NULL AUTO_INCREMENT, AUTO_INCREMENT=4;

--
-- AUTO_INCREMENT for table `topics`
--
ALTER TABLE `topics`
  MODIFY `topic_id` int(11) NOT NULL AUTO_INCREMENT, AUTO_INCREMENT=16;

--
-- AUTO_INCREMENT for table `users`
--
ALTER TABLE `users`
  MODIFY `user_id` int(11) NOT NULL AUTO_INCREMENT, AUTO_INCREMENT=14;

--
-- Constraints for dumped tables
--

--
-- Constraints for table `admins`
--
ALTER TABLE `admins`
  ADD CONSTRAINT `admins_ibfk_1` FOREIGN KEY (`user_id`) REFERENCES `users` (`user_id`);

--
-- Constraints for table `banned`
--
ALTER TABLE `banned`
  ADD CONSTRAINT `banned_ibfk_1` FOREIGN KEY (`user_id`) REFERENCES `users` (`user_id`),
  ADD CONSTRAINT `banned_ibfk_2` FOREIGN KEY (`admin_id`) REFERENCES `users` (`user_id`);

--
-- Constraints for table `posts`
--
ALTER TABLE `posts`
  ADD CONSTRAINT `posts_ibfk_1` FOREIGN KEY (`topic_id`) REFERENCES `topics` (`topic_id`),
  ADD CONSTRAINT `posts_ibfk_2` FOREIGN KEY (`user_id`) REFERENCES `users` (`user_id`);

--
-- Constraints for table `rated`
--
ALTER TABLE `rated`
  ADD CONSTRAINT `rated_ibfk_1` FOREIGN KEY (`post_id`) REFERENCES `posts` (`post_id`),
  ADD CONSTRAINT `rated_ibfk_2` FOREIGN KEY (`user_id`) REFERENCES `users` (`user_id`);

--
-- Constraints for table `replies`
--
ALTER TABLE `replies`
  ADD CONSTRAINT `replies_ibfk_1` FOREIGN KEY (`post_id`) REFERENCES `posts` (`post_id`),
  ADD CONSTRAINT `replies_ibfk_2` FOREIGN KEY (`user_id`) REFERENCES `users` (`user_id`),
  ADD CONSTRAINT `replies_ibfk_3` FOREIGN KEY (`parent_id`) REFERENCES `replies` (`reply_id`);

--
-- Constraints for table `reports`
--
ALTER TABLE `reports`
  ADD CONSTRAINT `reports_ibfk_1` FOREIGN KEY (`post_id`) REFERENCES `posts` (`post_id`),
  ADD CONSTRAINT `reports_ibfk_2` FOREIGN KEY (`topic_id`) REFERENCES `posts` (`topic_id`),
  ADD CONSTRAINT `reports_ibfk_3` FOREIGN KEY (`reply_id`) REFERENCES `replies` (`reply_id`),
  ADD CONSTRAINT `reports_ibfk_4` FOREIGN KEY (`hero_id`) REFERENCES `users` (`user_id`),
  ADD CONSTRAINT `reports_ibfk_5` FOREIGN KEY (`villain_id`) REFERENCES `users` (`user_id`);
COMMIT;

/*!40101 SET CHARACTER_SET_CLIENT=@OLD_CHARACTER_SET_CLIENT */;
/*!40101 SET CHARACTER_SET_RESULTS=@OLD_CHARACTER_SET_RESULTS */;
/*!40101 SET COLLATION_CONNECTION=@OLD_COLLATION_CONNECTION */;
